IP Address,Port,Code,Country,Anonymity,Google,Https,Last Checked
61.37.223.152,8080,KR,Korea,anonymous,no,yes,9 seconds ago
109.172.57.250,23500,RU,Russian Federation,anonymous,no,yes,9 seconds ago
109.238.222.5,40387,CZ,Czech Republic,anonymous,no,yes,9 seconds ago
86.57.237.53,3128,BY,Belarus,elite proxy,no,yes,9 seconds ago
116.68.168.243,8080,ID,Indonesia,anonymous,no,yes,9 seconds ago
181.129.43.3,8080,CO,Colombia,anonymous,no,yes,9 seconds ago
51.222.21.95,32768,CA,Canada,elite proxy,no,yes,9 seconds ago
125.99.100.193,40390,IN,India,anonymous,no,yes,9 seconds ago
157.230.103.91,46738,DE,Germany,anonymous,no,yes,9 seconds ago
208.115.109.250,443,US,United States,anonymous,no,yes,9 seconds ago
165.22.81.30,37344,DE,Germany,elite proxy,no,no,15 seconds ago
179.108.123.210,51314,BR,Brazil,elite proxy,no,no,15 seconds ago
173.46.67.172,58517,US,United States,elite proxy,no,no,15 seconds ago
187.243.255.174,8080,MX,Mexico,elite proxy,no,yes,15 seconds ago
213.230.97.10,3128,UZ,Uzbekistan,elite proxy,no,yes,15 seconds ago
34.212.203.168,443,US,United States,elite proxy,no,no,15 seconds ago
161.35.4.201,80,US,United States,elite proxy,no,no,1 minute ago
165.232.66.88,8118,DE,Germany,elite proxy,no,no,1 minute ago
161.202.226.194,80,JP,Japan,elite proxy,no,yes,1 minute ago
134.209.29.120,8080,GB,United Kingdom,anonymous,no,no,1 minute ago
192.109.165.125,80,DE,Germany,anonymous,no,no,1 minute ago
79.143.87.138,9090,GB,United Kingdom,anonymous,no,yes,1 minute ago
78.42.42.44,3128,DE,Germany,anonymous,no,no,1 minute ago
134.3.255.7,8080,DE,Germany,anonymous,no,no,1 minute ago
160.19.232.85,3128,ZA,South Africa,anonymous,no,yes,1 minute ago
167.172.123.221,9300,US,United States,elite proxy,no,yes,1 minute ago
41.77.145.14,8080,MU,Mauritius,elite proxy,no,yes,1 minute ago
159.65.69.186,9300,US,United States,elite proxy,no,yes,1 minute ago
37.49.127.231,8080,DE,Germany,anonymous,no,no,1 minute ago
176.28.64.225,3128,RU,Russian Federation,elite proxy,no,yes,1 minute ago
115.124.66.82,30161,ID,Indonesia,transparent,no,no,1 minute ago
37.24.165.222,3128,DE,Germany,transparent,no,no,1 minute ago
68.183.221.156,41933,DE,Germany,elite proxy,no,yes,1 minute ago
223.255.133.34,8080,HK,Hong Kong,elite proxy,no,yes,1 minute ago
95.208.208.234,8080,DE,Germany,anonymous,no,no,1 minute ago
190.210.228.73,80,AR,Argentina,elite proxy,no,no,1 minute ago
41.59.90.92,80,TZ,Tanzania,anonymous,no,no,1 minute ago
160.16.111.135,3128,JP,Japan,elite proxy,no,yes,1 minute ago
82.99.217.18,8080,IR,Iran,elite proxy,no,yes,1 minute ago
5.28.128.60,80,IL,Israel,elite proxy,no,no,1 minute ago
192.109.165.59,80,DE,Germany,anonymous,no,no,1 minute ago
110.74.195.65,55443,KH,Cambodia,elite proxy,no,yes,1 minute ago
103.138.172.64,80,BD,Bangladesh,elite proxy,no,no,1 minute ago
80.48.119.28,8080,PL,Poland,elite proxy,no,no,1 minute ago
144.217.101.245,3129,CA,Canada,elite proxy,no,yes,1 minute ago
46.4.96.137,3128,DE,Germany,anonymous,no,no,1 minute ago
103.138.172.67,80,BD,Bangladesh,elite proxy,no,no,1 minute ago
79.143.87.140,9090,GB,United Kingdom,anonymous,no,yes,1 minute ago
160.16.126.232,3128,JP,Japan,elite proxy,no,yes,1 minute ago
102.129.249.120,8080,ZA,South Africa,anonymous,no,no,1 minute ago
161.35.70.249,3128,DE,Germany,anonymous,no,no,1 minute ago
37.49.127.234,8080,DE,Germany,anonymous,no,no,1 minute ago
51.222.21.92,32768,CA,Canada,elite proxy,no,yes,1 minute ago
88.198.24.108,8080,DE,Germany,anonymous,no,no,1 minute ago
191.101.39.208,80,SG,Singapore,anonymous,no,no,1 minute ago
41.217.219.53,31398,MW,Malawi,elite proxy,no,yes,2 minutes ago
217.79.181.109,443,DE,Germany,elite proxy,no,yes,2 minutes ago
79.143.87.134,9090,GB,United Kingdom,anonymous,no,yes,2 minutes ago
94.23.91.209,80,PL,Poland,elite proxy,no,no,3 minutes ago
5.252.161.48,8080,GB,United Kingdom,anonymous,no,no,3 minutes ago
104.244.75.218,8080,US,United States,elite proxy,no,no,3 minutes ago
2.180.33.84,80,IR,Iran,anonymous,no,no,3 minutes ago
201.249.161.51,999,VE,Venezuela,anonymous,no,yes,3 minutes ago
191.101.39.112,80,SG,Singapore,anonymous,no,no,3 minutes ago
191.101.39.222,80,SG,Singapore,anonymous,no,no,3 minutes ago
85.133.210.42,3128,IR,Iran,elite proxy,no,yes,3 minutes ago
154.16.63.16,3128,GB,United Kingdom,anonymous,no,no,3 minutes ago
169.57.1.84,8123,MX,Mexico,elite proxy,no,yes,3 minutes ago
34.203.142.175,80,US,United States,elite proxy,no,no,3 minutes ago
119.81.189.194,80,HK,Hong Kong,elite proxy,no,yes,3 minutes ago
191.101.39.66,80,SG,Singapore,anonymous,no,no,3 minutes ago
88.198.50.103,8080,DE,Germany,anonymous,no,no,3 minutes ago
138.68.60.8,8080,US,United States,anonymous,no,no,3 minutes ago
191.96.71.118,3128,BR,Brazil,anonymous,no,no,3 minutes ago
209.97.150.167,8080,US,United States,anonymous,no,no,3 minutes ago
159.203.61.169,8080,CA,Canada,anonymous,no,no,3 minutes ago
191.96.42.80,8080,US,United States,anonymous,no,no,3 minutes ago
139.59.1.14,8080,IN,India,anonymous,no,no,3 minutes ago
128.199.202.122,3128,SG,Singapore,anonymous,no,no,3 minutes ago
167.71.5.83,8080,NL,Netherlands,anonymous,no,no,3 minutes ago
198.199.86.11,3128,US,United States,anonymous,no,no,3 minutes ago
139.162.78.109,8080,JP,Japan,anonymous,no,no,3 minutes ago
128.199.214.87,3128,SG,Singapore,anonymous,no,yes,3 minutes ago
176.9.75.42,8080,DE,Germany,anonymous,no,no,3 minutes ago
78.47.16.54,80,DE,Germany,anonymous,no,no,3 minutes ago
176.9.119.170,8080,DE,Germany,anonymous,no,no,3 minutes ago
177.72.81.39,8080,BR,Brazil,elite proxy,no,yes,4 minutes ago
51.38.82.244,443,FR,France,anonymous,no,yes,4 minutes ago
35.172.135.29,80,US,United States,anonymous,no,no,4 minutes ago
103.81.105.62,80,BD,Bangladesh,elite proxy,no,no,4 minutes ago
82.165.135.211,8118,DE,Germany,elite proxy,no,no,4 minutes ago
216.21.18.193,80,US,United States,anonymous,no,yes,4 minutes ago
68.183.241.131,80,DE,Germany,anonymous,no,no,4 minutes ago
69.167.174.17,80,US,United States,elite proxy,no,no,4 minutes ago
122.186.181.124,80,IN,India,anonymous,no,no,4 minutes ago
103.138.172.66,80,BD,Bangladesh,elite proxy,no,no,4 minutes ago
208.80.28.208,8080,US,United States,elite proxy,no,yes,4 minutes ago
05.252.161.48,8080,,Unknown,anonymous,no,no,4 minutes ago
136.243.211.104,80,DE,Germany,anonymous,no,no,4 minutes ago
65.160.224.144,80,US,United States,anonymous,no,no,5 minutes ago
169.57.1.85,80,MX,Mexico,elite proxy,no,yes,5 minutes ago
200.25.254.193,54240,CO,Colombia,elite proxy,no,no,10 minutes ago
83.112.113.195,80,FR,France,elite proxy,no,no,10 minutes ago
91.240.60.100,8080,IR,Iran,elite proxy,no,no,10 minutes ago
85.185.159.75,8080,IR,Iran,anonymous,no,no,10 minutes ago
190.100.25.129,8080,CL,Chile,transparent,no,no,10 minutes ago
103.28.121.58,80,BD,Bangladesh,anonymous,no,no,10 minutes ago
154.16.202.22,8080,DE,Germany,anonymous,no,no,10 minutes ago
104.40.153.131,80,NL,Netherlands,anonymous,no,no,10 minutes ago
175.143.37.162,80,MY,Malaysia,anonymous,no,no,10 minutes ago
92.204.129.161,80,US,United States,elite proxy,no,no,10 minutes ago
51.255.7.221,43567,FR,France,transparent,no,no,10 minutes ago
51.222.21.93,32768,CA,Canada,elite proxy,no,yes,10 minutes ago
23.97.173.57,80,NL,Netherlands,anonymous,no,no,10 minutes ago
216.21.18.194,80,US,United States,anonymous,no,yes,10 minutes ago
114.32.84.229,80,TW,Taiwan,anonymous,no,yes,10 minutes ago
103.138.172.65,80,BD,Bangladesh,elite proxy,no,no,10 minutes ago
193.136.119.10,80,PT,Portugal,anonymous,no,no,10 minutes ago
103.81.105.65,80,BD,Bangladesh,elite proxy,no,no,10 minutes ago
52.142.220.26,80,NL,Netherlands,anonymous,no,no,10 minutes ago
103.105.212.106,53281,PH,Philippines,elite proxy,no,no,11 minutes ago
180.250.170.210,59778,ID,Indonesia,elite proxy,no,no,11 minutes ago
103.81.249.141,8080,ID,Indonesia,anonymous,no,no,11 minutes ago
187.92.71.154,53281,BR,Brazil,elite proxy,no,no,11 minutes ago
212.126.107.2,31475,IQ,Iraq,elite proxy,no,no,11 minutes ago
160.238.227.153,30222,BR,Brazil,elite proxy,no,no,11 minutes ago
181.196.254.202,53281,EC,Ecuador,elite proxy,no,no,11 minutes ago
119.82.252.76,51680,KH,Cambodia,elite proxy,no,no,11 minutes ago
103.81.105.20,80,BD,Bangladesh,elite proxy,no,no,11 minutes ago
36.95.23.89,8080,ID,Indonesia,elite proxy,no,no,11 minutes ago
178.151.34.43,8080,UA,Ukraine,elite proxy,no,no,11 minutes ago
103.6.184.222,39241,IN,India,elite proxy,no,no,11 minutes ago
85.30.215.48,32946,RU,Russian Federation,elite proxy,no,no,11 minutes ago
93.171.224.52,8080,UA,Ukraine,transparent,no,no,11 minutes ago
201.149.102.242,8085,BR,Brazil,transparent,no,no,11 minutes ago
45.176.244.59,999,BR,Brazil,transparent,no,no,11 minutes ago
181.188.215.22,999,EC,Ecuador,transparent,no,no,11 minutes ago
176.235.131.231,9090,TR,Turkey,transparent,no,no,11 minutes ago
20.191.118.143,80,US,United States,anonymous,no,no,11 minutes ago
202.75.97.82,47009,ID,Indonesia,elite proxy,no,no,11 minutes ago
101.53.158.48,9300,IN,India,elite proxy,no,no,11 minutes ago
203.202.245.58,80,BD,Bangladesh,anonymous,no,no,11 minutes ago
103.148.79.114,8080,ID,Indonesia,elite proxy,no,no,11 minutes ago
49.0.41.81,38235,BD,Bangladesh,elite proxy,no,no,11 minutes ago
52.221.244.135,80,SG,Singapore,anonymous,no,no,11 minutes ago
36.89.18.217,8080,ID,Indonesia,elite proxy,no,no,11 minutes ago
185.189.199.75,23500,BG,Bulgaria,elite proxy,no,no,11 minutes ago
186.232.48.98,36064,BR,Brazil,elite proxy,no,no,11 minutes ago
181.129.52.155,42648,CO,Colombia,elite proxy,no,no,11 minutes ago
176.101.89.226,33470,RU,Russian Federation,elite proxy,no,no,11 minutes ago
49.248.152.244,80,IN,India,anonymous,no,no,11 minutes ago
49.248.152.240,80,IN,India,anonymous,no,no,11 minutes ago
218.111.228.178,80,MY,Malaysia,anonymous,no,no,11 minutes ago
79.143.87.117,9090,GB,United Kingdom,anonymous,no,yes,20 minutes ago
183.88.226.50,8080,TH,Thailand,elite proxy,no,yes,20 minutes ago
128.127.164.252,51987,ES,Spain,elite proxy,no,no,21 minutes ago
109.193.195.11,3128,DE,Germany,anonymous,no,no,21 minutes ago
85.216.127.183,8080,DE,Germany,anonymous,no,no,21 minutes ago
154.0.15.166,46547,ZA,South Africa,elite proxy,no,no,21 minutes ago
81.95.230.211,3128,UZ,Uzbekistan,elite proxy,no,no,21 minutes ago
81.163.57.147,41258,RU,Russian Federation,elite proxy,no,no,21 minutes ago
37.49.127.228,8080,DE,Germany,anonymous,no,no,21 minutes ago
62.182.114.164,60731,BG,Bulgaria,elite proxy,no,no,21 minutes ago
160.16.78.218,3128,JP,Japan,elite proxy,no,no,21 minutes ago
217.8.51.206,8080,DE,Germany,anonymous,no,no,21 minutes ago
181.3.115.36,10809,AR,Argentina,elite proxy,no,no,21 minutes ago
149.172.255.14,8080,DE,Germany,anonymous,no,no,21 minutes ago
46.5.252.70,8080,DE,Germany,anonymous,no,no,21 minutes ago
46.5.252.59,3128,DE,Germany,anonymous,no,no,21 minutes ago
201.45.163.114,80,BR,Brazil,elite proxy,no,no,21 minutes ago
14.97.2.108,80,IN,India,anonymous,no,no,21 minutes ago
14.97.2.107,80,IN,India,anonymous,no,no,21 minutes ago
150.109.32.166,80,HK,Hong Kong,anonymous,no,no,22 minutes ago
46.237.255.2,8080,DE,Germany,anonymous,no,no,22 minutes ago
85.216.127.185,8080,DE,Germany,anonymous,no,no,22 minutes ago
131.108.118.27,8080,BR,Brazil,elite proxy,no,no,22 minutes ago
82.212.62.27,8080,DE,Germany,anonymous,no,no,22 minutes ago
82.212.62.28,8080,DE,Germany,anonymous,no,no,22 minutes ago
109.193.195.7,8080,DE,Germany,anonymous,no,no,22 minutes ago
217.219.61.6,8080,IR,Iran,anonymous,no,no,22 minutes ago
109.193.195.6,8080,DE,Germany,anonymous,no,no,22 minutes ago
95.208.208.227,3128,DE,Germany,anonymous,no,no,22 minutes ago
91.89.89.4,8080,DE,Germany,anonymous,no,no,22 minutes ago
46.237.255.11,8080,DE,Germany,anonymous,no,no,22 minutes ago
146.59.240.5,3128,FR,France,elite proxy,no,no,22 minutes ago
82.212.62.26,8080,DE,Germany,anonymous,no,no,22 minutes ago
84.54.82.234,3128,UZ,Uzbekistan,elite proxy,no,no,22 minutes ago
109.193.195.8,8080,DE,Germany,anonymous,no,no,22 minutes ago
92.247.142.182,42367,BG,Bulgaria,transparent,no,no,24 minutes ago
103.22.172.49,59458,IN,India,elite proxy,no,yes,30 minutes ago
187.130.139.197,8080,MX,Mexico,elite proxy,no,yes,30 minutes ago
114.7.27.98,8080,ID,Indonesia,elite proxy,no,no,30 minutes ago
82.99.232.18,58689,IR,Iran,elite proxy,no,no,30 minutes ago
13.231.68.213,8081,JP,Japan,anonymous,no,no,30 minutes ago
96.9.86.70,53827,KH,Cambodia,elite proxy,no,no,30 minutes ago
167.172.171.115,40061,DE,Germany,elite proxy,no,no,31 minutes ago
178.134.208.126,50824,GE,Georgia,elite proxy,no,no,31 minutes ago
31.204.180.44,53281,RU,Russian Federation,elite proxy,no,no,31 minutes ago
46.175.70.69,44239,UA,Ukraine,elite proxy,no,no,31 minutes ago
12.229.217.226,55443,US,United States,elite proxy,no,no,31 minutes ago
217.182.13.58,43567,FR,France,elite proxy,no,no,31 minutes ago
167.86.115.130,8118,DE,Germany,elite proxy,no,no,31 minutes ago
197.248.30.125,80,KE,Kenya,anonymous,no,no,31 minutes ago
145.255.237.54,8080,RU,Russian Federation,elite proxy,no,no,31 minutes ago
37.49.127.237,3128,DE,Germany,anonymous,no,no,31 minutes ago
77.38.21.239,8080,SI,Slovenia,elite proxy,no,no,31 minutes ago
198.50.163.192,3129,CA,Canada,elite proxy,no,no,31 minutes ago
95.208.208.232,8080,DE,Germany,anonymous,no,no,31 minutes ago
134.3.255.8,8080,DE,Germany,anonymous,no,no,31 minutes ago
181.13.209.34,8080,AR,Argentina,elite proxy,no,no,31 minutes ago
23.251.138.105,8080,BE,Belgium,anonymous,no,yes,31 minutes ago
184.188.201.186,8081,US,United States,transparent,no,no,32 minutes ago
157.230.34.152,39827,SG,Singapore,transparent,no,no,33 minutes ago
1.2.252.65,8080,TH,Thailand,transparent,no,no,34 minutes ago
116.204.182.92,8080,TH,Thailand,transparent,no,no,34 minutes ago
52.78.172.171,80,KR,Korea,anonymous,no,no,40 minutes ago
197.248.30.123,80,KE,Kenya,anonymous,no,no,40 minutes ago
176.235.182.99,8080,TR,Turkey,anonymous,no,no,40 minutes ago
149.172.255.9,8080,DE,Germany,anonymous,no,no,40 minutes ago
200.32.51.179,8080,AR,Argentina,elite proxy,no,no,40 minutes ago
51.222.21.94,32768,CA,Canada,elite proxy,no,yes,40 minutes ago
185.104.252.10,9090,LB,Lebanon,elite proxy,no,no,40 minutes ago
93.117.72.27,43631,MD,"Moldova, Republic of",elite proxy,no,no,40 minutes ago
97.72.168.62,87,US,United States,transparent,no,no,40 minutes ago
159.192.130.233,8080,TH,Thailand,elite proxy,no,no,40 minutes ago
160.16.144.198,3128,JP,Japan,elite proxy,no,no,40 minutes ago
45.188.157.38,8080,BR,Brazil,anonymous,no,yes,41 minutes ago
103.208.27.115,8080,TH,Thailand,elite proxy,no,yes,41 minutes ago
157.230.103.189,36366,DE,Germany,elite proxy,no,yes,41 minutes ago
178.252.143.238,80,IR,Iran,elite proxy,no,yes,41 minutes ago
115.243.184.76,23500,IN,India,elite proxy,no,no,42 minutes ago
181.209.82.154,23500,AR,Argentina,elite proxy,no,no,42 minutes ago
85.216.127.182,8080,DE,Germany,anonymous,no,no,42 minutes ago
79.143.87.136,9090,GB,United Kingdom,anonymous,no,no,42 minutes ago
80.73.9.238,808,UA,Ukraine,elite proxy,no,no,42 minutes ago
149.56.47.132,443,CA,Canada,elite proxy,no,yes,42 minutes ago
85.216.127.178,3128,DE,Germany,anonymous,no,no,42 minutes ago
134.3.255.2,8080,DE,Germany,anonymous,no,no,42 minutes ago
37.49.127.227,8080,DE,Germany,anonymous,no,no,42 minutes ago
37.49.127.229,8080,DE,Germany,anonymous,no,no,42 minutes ago
149.172.255.3,8080,DE,Germany,anonymous,no,no,42 minutes ago
37.49.127.233,3128,DE,Germany,anonymous,no,no,42 minutes ago
41.33.20.5,3128,EG,Egypt,anonymous,no,yes,42 minutes ago
45.130.229.230,443,DE,Germany,anonymous,no,yes,42 minutes ago
103.145.34.34,8080,ID,Indonesia,anonymous,no,yes,42 minutes ago
104.254.238.122,40400,US,United States,anonymous,no,yes,42 minutes ago
51.79.185.236,8080,SG,Singapore,anonymous,no,yes,42 minutes ago
187.45.106.164,3128,BR,Brazil,anonymous,no,yes,42 minutes ago
191.101.39.229,80,SG,Singapore,anonymous,no,no,42 minutes ago
185.181.166.209,8080,UA,Ukraine,transparent,no,no,42 minutes ago
183.89.43.41,8080,TH,Thailand,transparent,no,no,42 minutes ago
193.150.117.31,8000,RU,Russian Federation,transparent,no,no,44 minutes ago
111.93.233.110,8080,IN,India,transparent,no,no,46 minutes ago
103.154.190.33,8080,IN,India,transparent,no,no,46 minutes ago
103.235.35.139,8080,ID,Indonesia,transparent,no,no,46 minutes ago
103.155.156.10,8080,ID,Indonesia,transparent,no,no,46 minutes ago
160.19.155.51,8080,SL,Sierra Leone,transparent,no,no,46 minutes ago
105.234.156.97,8080,MW,Malawi,transparent,no,no,50 minutes ago
12.218.209.130,53281,US,United States,elite proxy,no,yes,50 minutes ago
77.120.137.143,8080,UA,Ukraine,anonymous,no,yes,50 minutes ago
113.190.243.229,80,VN,Vietnam,elite proxy,no,no,51 minutes ago
220.143.161.204,8080,TW,Taiwan,anonymous,no,no,51 minutes ago
175.212.226.40,80,KR,Korea,elite proxy,no,no,51 minutes ago
160.16.153.115,3128,JP,Japan,elite proxy,no,yes,51 minutes ago
109.193.195.2,8080,DE,Germany,anonymous,no,no,51 minutes ago
45.236.169.150,999,EC,Ecuador,elite proxy,no,no,51 minutes ago
45.123.42.149,37740,BD,Bangladesh,elite proxy,no,no,51 minutes ago
160.16.89.237,3128,JP,Japan,elite proxy,no,no,51 minutes ago
115.243.151.91,80,IN,India,anonymous,no,no,51 minutes ago
64.17.30.238,63141,US,United States,elite proxy,no,no,51 minutes ago
45.115.178.137,80,IN,India,elite proxy,no,no,51 minutes ago
187.216.93.20,55443,MX,Mexico,elite proxy,no,no,51 minutes ago
216.169.73.65,34679,US,United States,elite proxy,no,no,51 minutes ago
197.248.30.121,80,KE,Kenya,anonymous,no,no,51 minutes ago
8.210.71.64,3128,HK,Hong Kong,anonymous,no,no,51 minutes ago
95.143.220.5,45939,RU,Russian Federation,elite proxy,no,no,51 minutes ago
45.112.124.133,8080,ID,Indonesia,elite proxy,no,no,51 minutes ago
113.130.126.2,31932,KH,Cambodia,elite proxy,no,no,51 minutes ago
14.97.2.106,80,IN,India,anonymous,no,no,51 minutes ago
1.10.191.141,8080,TH,Thailand,anonymous,no,no,51 minutes ago
34.121.225.128,8080,US,United States,anonymous,no,no,51 minutes ago
190.152.5.126,53040,EC,Ecuador,elite proxy,no,no,51 minutes ago
94.141.117.1,8080,RU,Russian Federation,elite proxy,no,no,51 minutes ago
80.249.135.89,8080,RU,Russian Federation,transparent,no,no,51 minutes ago
181.188.216.14,8080,EC,Ecuador,transparent,no,no,51 minutes ago
193.150.117.5,8000,RU,Russian Federation,transparent,no,no,51 minutes ago
103.79.155.42,46977,ID,Indonesia,elite proxy,no,no,51 minutes ago
77.238.79.111,8080,BG,Bulgaria,elite proxy,no,no,51 minutes ago
185.136.103.228,80,IR,Iran,elite proxy,no,no,51 minutes ago
190.57.143.66,50719,EC,Ecuador,elite proxy,no,no,51 minutes ago
45.76.249.227,8888,US,United States,anonymous,no,no,51 minutes ago
78.140.233.146,8080,RU,Russian Federation,elite proxy,no,no,51 minutes ago
103.78.254.78,80,BD,Bangladesh,anonymous,no,no,1 hour ago
46.5.252.55,8080,DE,Germany,anonymous,no,no,1 hour ago
62.209.132.91,3128,UZ,Uzbekistan,elite proxy,no,yes,1 hour 1 minute ago
45.181.121.145,999,CL,Chile,anonymous,no,yes,1 hour 1 minute ago
13.36.102.214,80,FR,France,elite proxy,no,no,1 hour 1 minute ago
178.205.169.210,3128,RU,Russian Federation,elite proxy,no,yes,1 hour 1 minute ago
81.95.226.138,3128,UZ,Uzbekistan,elite proxy,no,yes,1 hour 1 minute ago
181.169.224.89,80,AR,Argentina,transparent,no,no,1 hour 3 minutes ago
